Business,Domain,Path,Branch,Public URL,Status
Strike Control Ltd,strikecontrol.co.uk,prospects/strike-control,main; PR #15 merged; repair commit 9dcd27c,https://mda-growth-systems.github.io/mda-prospect-demos/prospects/strike-control/,Published; signed-out link and browser QA passed; Gmail first-contact draft created; not sent
Hendon Glazing Limited,hendonglazingltd.co.uk,prospects/hendon-glazing,main; PR #15 merged; repair commit 9dcd27c,https://mda-growth-systems.github.io/mda-prospect-demos/prospects/hendon-glazing/,Published; signed-out link and browser QA passed; Gmail first-contact draft created; not sent
Automatic Sprinkler Solutions Ltd,autosprinklersolutionsltd.co.uk,prospects/automatic-sprinkler-solutions,main; PR #15 merged; repair commit 9dcd27c,https://mda-growth-systems.github.io/mda-prospect-demos/prospects/automatic-sprinkler-solutions/,Published; signed-out link and browser QA passed; Gmail first-contact draft created; not sent
Critical Environment Solutions Ltd,criticalenvironmentsolutions.co.uk,prospects/critical-environment-solutions,main; PR #15 merged; repair commit 9dcd27c,https://mda-growth-systems.github.io/mda-prospect-demos/prospects/critical-environment-solutions/,Published; signed-out link and browser QA passed; Gmail first-contact draft created; not sent
LAB (UK) Limited,labukltd.co.uk,prospects/lab-uk-asbestos,main; PR #15 merged; repair commit 9dcd27c,https://mda-growth-systems.github.io/mda-prospect-demos/prospects/lab-uk-asbestos/,Published; signed-out link and browser QA passed; Gmail first-contact draft created; not sent
THOR Safety Ltd,thorsafety.co.uk,prospects/thor-safety,main; PR #15 merged; repair commit 9dcd27c,https://mda-growth-systems.github.io/mda-prospect-demos/prospects/thor-safety/,Published; signed-out link and browser QA passed; Gmail first-contact draft created; not sent
SEA UK Ltd,seaukltd.co.uk,prospects/sea-uk-gate-automation,main; PR #15 merged; repair commit 9dcd27c,https://mda-growth-systems.github.io/mda-prospect-demos/prospects/sea-uk-gate-automation/,Published; signed-out link and browser QA passed; Gmail first-contact draft created; not sent
Cater Steel Ltd / Grease Trap Store,greasetrapstore.co.uk,prospects/grease-trap-store,main; PR #15 merged; repair commit 9dcd27c,https://mda-growth-systems.github.io/mda-prospect-demos/prospects/grease-trap-store/,Published; signed-out link and browser QA passed; Gmail first-contact draft created; not sent
Procter Brothers Ltd,procterbrothers.co.uk,prospects/procter-brothers,main; PR #15 merged; repair commit 9dcd27c,https://mda-growth-systems.github.io/mda-prospect-demos/prospects/procter-brothers/,Published; signed-out link and browser QA passed; Gmail first-contact draft created; not sent
LTC Fencing and Timber Specialist Ltd,ltcfencing.co.uk,prospects/ltc-fencing,main; PR #15 merged; repair commit 9dcd27c,https://mda-growth-systems.github.io/mda-prospect-demos/prospects/ltc-fencing/,Published; signed-out link and browser QA passed; Gmail first-contact draft created; not sent
